"Date ","series ","OPEN ","HIGH ","LOW ","PREV. CLOSE ","ltp ","close ","vwap ","52W H ","52W L ","VOLUME ","VALUE ","No of trades "
"24-Nov-2022","EQ","609.75","611.30","605.80","607.65","609.60","609.35","608.75","622.70","425.00",8960032,"5,454,395,604.45",128229
"23-Nov-2022","EQ","601.55","609.60","601.00","599.10","607.10","607.65","606.50","622.70","425.00",12435924,"7,542,386,457.50",171897
"22-Nov-2022","EQ","598.15","600.70","596.15","598.10","599.00","599.10","598.56","622.70","425.00",8048595,"4,817,532,263.45",126028
"21-Nov-2022","EQ","602.10","602.10","595.35","602.70","598.00","598.10","598.39","622.70","425.00",7412419,"4,435,509,514.55",135865
"18-Nov-2022","EQ","601.00","605.75","597.15","599.05","602.05","602.70","601.12","622.70","425.00",12933675,"7,774,746,404.45",155935
"17-Nov-2022","EQ","599.10","602.75","596.15","599.75","598.45","599.05","599.41","622.70","425.00",8167131,"4,895,433,201.45",114824
"16-Nov-2022","EQ","599.95","603.50","596.00","600.85","599.00","599.75","600.52","622.70","425.00",11555749,"6,939,489,693.90",168811
"15-Nov-2022","EQ","594.30","602.10","592.65","592.55","601.50","600.85","597.70","622.70","425.00",10286417,"6,148,169,628.95",153811
"14-Nov-2022","EQ","603.95","603.95","591.65","601.30","592.50","592.55","596.08","622.70","425.00",12957268,"7,723,573,323.30",227415
"11-Nov-2022","EQ","617.25","619.55","598.50","605.75","600.00","601.30","605.28","622.70","425.00",15525267,"9,397,103,693.35",220631
"10-Nov-2022","EQ","613.10","615.10","602.20","615.55","605.05","605.75","607.23","622.70","425.00",11618405,"7,055,030,835.70",232699
"09-Nov-2022","EQ","621.00","621.00","610.55","614.15","614.60","615.55","615.08","622.70","425.00",18939854,"11,649,523,009.90",302328
"07-Nov-2022","EQ","613.00","622.70","607.70","593.95","613.80","614.15","615.56","622.70","425.00",44265903,"27,248,449,289.60",470162
"04-Nov-2022","EQ","586.00","596.95","580.40","584.90","595.70","593.95","587.64","596.95","425.00",25759031,"15,137,053,924.20",302456
"03-Nov-2022","EQ","569.00","587.95","568.00","573.85","584.15","584.90","581.58","587.95","425.00",17557998,"10,211,388,603.80",244825
"02-Nov-2022","EQ","575.90","578.95","569.90","576.90","573.00","573.85","574.79","586.20","425.00",10241440,"5,886,694,998.95",142730
"01-Nov-2022","EQ","576.35","585.75","574.60","573.80","576.00","576.90","579.85","586.20","425.00",12069579,"6,998,554,295.30",163499
"31-Oct-2022","EQ","574.95","577.45","568.40","570.75","573.50","573.80","572.79","586.20","425.00",9894639,"5,667,560,387.80",139535
"28-Oct-2022","EQ","579.95","582.65","567.00","579.65","571.80","570.75","572.65","586.20","425.00",10043644,"5,751,515,569.95",144061
"27-Oct-2022","EQ","583.95","585.00","577.60","578.55","579.10","579.65","580.71","586.20","425.00",13613533,"7,905,525,313.35",209377
"25-Oct-2022","EQ","572.50","586.20","568.00","570.50","577.00","578.55","578.28","586.20","425.00",19899324,"11,507,427,412.85",215376
"24-Oct-2022","EQ","567.00","572.50","565.90","560.85","572.15","570.50","569.46","578.50","425.00",3692065,"2,102,464,996.35",63147
"21-Oct-2022","EQ","557.25","565.80","557.25","555.40","561.65","560.85","562.70","578.50","425.00",11767639,"6,621,648,120.80",198859
"20-Oct-2022","EQ","552.00","556.80","545.30","553.40","555.50","555.40","551.98","578.50","425.00",11225588,"6,196,328,573.95",134915
"19-Oct-2022","EQ","563.00","563.45","551.55","562.45","553.75","553.40","555.40","578.50","425.00",9540583,"5,298,845,388.70",137573
"18-Oct-2022","EQ","547.10","563.50","546.75","543.65","562.40","562.45","558.19","578.50","425.00",20440781,"11,409,791,394.10",245391
"17-Oct-2022","EQ","526.40","544.70","524.20","527.20","543.20","543.65","538.70","578.50","425.00",13485349,"7,264,515,862.55",208408
"14-Oct-2022","EQ","530.20","534.85","526.00","521.45","527.80","527.20","530.03","578.50","425.00",8545479,"4,529,375,083.50",144578
"13-Oct-2022","EQ","533.00","533.80","520.20","533.80","521.90","521.45","525.44","578.50","425.00",12972765,"6,816,438,201.85",166849
"12-Oct-2022","EQ","530.00","535.00","526.00","527.40","535.00","533.80","530.03","578.50","425.00",8522604,"4,517,236,010.00",121592
"11-Oct-2022","EQ","530.75","533.70","525.50","530.75","527.00","527.40","529.35","578.50","425.00",10825440,"5,730,463,472.65",159970
"10-Oct-2022","EQ","525.70","533.90","522.20","530.20","531.40","530.75","528.13","578.50","425.00",9649292,"5,096,052,558.90",191653
"07-Oct-2022","EQ","535.50","535.60","526.55","537.30","531.00","530.20","529.64","578.50","425.00",11065307,"5,860,624,159.50",185698
"06-Oct-2022","EQ","534.60","541.80","534.60","532.70","537.35","537.30","538.44","578.50","425.00",9507322,"5,119,102,137.60",183101
"04-Oct-2022","EQ","533.00","535.80","527.80","519.75","532.95","532.70","532.39","578.50","425.00",8745887,"4,656,244,525.45",128142
"03-Oct-2022","EQ","527.60","531.65","518.50","530.60","518.95","519.75","525.01","578.50","425.00",9351162,"4,909,456,239.05",141130
"30-Sep-2022","EQ","524.00","536.90","516.15","521.75","531.55","530.60","528.17","578.50","425.00",17466950,"9,225,477,677.20",199404
"29-Sep-2022","EQ","529.00","535.70","519.55","524.85","524.00","521.75","525.18","578.50","425.00",17310168,"9,090,986,645.60",215284
"28-Sep-2022","EQ","532.90","539.80","520.35","536.50","523.50","524.85","532.17","578.50","425.00",12233485,"6,510,284,800.40",183919
"27-Sep-2022","EQ","544.55","550.90","533.20","543.30","538.00","536.50","542.40","578.50","425.00",11066799,"6,002,626,270.30",154979
"26-Sep-2022","EQ","545.80","549.00","533.00","550.60","545.30","543.30","541.37","578.50","425.00",16158750,"8,747,941,723.25",274214
"23-Sep-2022","EQ","564.80","568.00","549.50","567.30","550.90","550.60","555.53","578.50","425.00",12563239,"6,979,215,908.20",282839
"22-Sep-2022","EQ","566.75","574.00","562.00","569.70","567.50","567.30","567.39","578.50","425.00",11869435,"6,734,594,427.30",181550
"21-Sep-2022","EQ","575.00","577.30","565.40","574.05","569.00","569.70","570.45","578.50","425.00",9392526,"5,357,998,661.95",174676
"20-Sep-2022","EQ","577.95","577.95","572.85","572.25","573.60","574.05","575.50","578.50","425.00",8484017,"4,882,536,374.35",176912
"19-Sep-2022","EQ","560.70","574.40","559.55","561.80","572.50","572.25","569.54","578.50","425.00",11194003,"6,375,398,054.40",163866
"16-Sep-2022","EQ","569.10","574.00","560.30","572.15","562.50","561.80","564.61","578.50","425.00",14739280,"8,321,982,741.65",231709
"15-Sep-2022","EQ","572.55","578.50","567.90","571.75","571.50","572.15","573.50","578.50","425.00",12749947,"7,312,060,768.80",224387
"14-Sep-2022","EQ","550.00","574.85","549.25","558.00","572.30","571.75","567.79","574.85","425.00",21632641,"12,282,852,152.30",301335
"13-Sep-2022","EQ","560.00","560.00","553.75","554.90","557.10","558.00","557.73","560.00","425.00",16707275,"9,318,085,634.25",148044
"12-Sep-2022","EQ","554.90","558.60","551.25","553.35","554.95","554.90","555.63","558.60","425.00",9677415,"5,377,080,074.60",127479
"09-Sep-2022","EQ","549.65","557.00","548.00","544.65","551.95","553.35","553.57","557.00","425.00",18587927,"10,289,692,790.20",267586
"08-Sep-2022","EQ","536.00","546.30","535.50","532.85","545.25","544.65","541.55","549.00","425.00",12240707,"6,628,912,370.75",141256
"07-Sep-2022","EQ","534.40","537.45","531.55","537.80","532.10","532.85","534.25","549.00","425.00",8445359,"4,511,895,645.90",106610
"06-Sep-2022","EQ","538.00","542.70","534.10","538.90","537.30","537.80","539.43","549.00","425.00",8657868,"4,670,346,677.00",108579
"05-Sep-2022","EQ","537.00","540.80","536.30","536.70","538.75","538.90","539.17","549.00","425.00",7819994,"4,216,330,099.55",106157
"02-Sep-2022","EQ","537.00","537.85","531.25","533.30","535.00","536.70","535.36","549.00","413.50",10017930,"5,363,164,755.20",124824
"01-Sep-2022","EQ","522.25","540.90","522.25","531.25","534.25","533.30","535.06","549.00","413.50",16670228,"8,919,650,119.40",218023
"30-Aug-2022","EQ","518.20","532.50","517.95","514.85","531.00","531.25","528.36","549.00","413.50",14835308,"7,838,353,166.55",166014
"29-Aug-2022","EQ","511.30","517.00","508.75","523.80","515.00","514.85","513.62","549.00","413.50",9421339,"4,838,957,049.45",143380
"26-Aug-2022","EQ","523.80","529.50","522.20","520.40","524.30","523.80","525.17","549.00","401.25",12855886,"6,751,514,077.25",128630
"25-Aug-2022","EQ","521.95","528.30","518.50","519.30","520.15","520.40","523.90","549.00","401.25",15473450,"8,106,540,162.80",167210
"24-Aug-2022","EQ","519.00","523.00","512.30","521.90","520.40","519.30","517.90","549.00","401.25",11930650,"6,178,850,761.40",143063
"23-Aug-2022","EQ","508.25","524.00","508.25","511.30","523.00","521.90","517.45","549.00","401.25",8597965,"4,448,995,522.90",130274
"22-Aug-2022","EQ","519.00","519.90","510.00","520.35","511.10","511.30","513.09","549.00","401.25",9676954,"4,965,152,207.80",165588
"19-Aug-2022","EQ","532.00","533.65","518.50","532.35","520.05","520.35","523.18","549.00","401.25",11087222,"5,800,622,525.65",146387
"18-Aug-2022","EQ","526.85","534.80","526.20","528.15","532.00","532.35","531.57","549.00","401.25",9013662,"4,791,385,825.20",120443
"17-Aug-2022","EQ","528.85","530.55","524.35","525.95","527.80","528.15","526.89","549.00","401.25",12054183,"6,351,246,080.75",159055
"16-Aug-2022","EQ","533.30","533.85","525.00","530.70","526.60","525.95","527.74","549.00","401.25",10721167,"5,657,979,793.75",145707
"12-Aug-2022","EQ","525.70","531.80","525.15","524.75","531.00","530.70","529.76","549.00","401.25",12154012,"6,438,750,910.60",160036
"11-Aug-2022","EQ","520.00","526.00","517.20","514.70","524.50","524.75","521.76","549.00","401.25",13862195,"7,232,693,557.90",192485
"10-Aug-2022","EQ","521.55","523.50","513.40","520.40","513.90","514.70","516.46","549.00","401.25",16904151,"8,730,379,353.15",247601
"08-Aug-2022","EQ","524.00","524.00","513.85","531.05","520.10","520.40","518.01","549.00","401.25",32566317,"16,869,712,451.35",416603
"05-Aug-2022","EQ","535.55","542.90","529.00","533.25","532.35","531.05","537.29","549.00","401.25",21110734,"11,342,675,873.75",205564
"04-Aug-2022","EQ","543.65","544.00","524.20","540.85","532.30","533.25","532.95","549.00","401.25",18072293,"9,631,594,662.25",201817
"03-Aug-2022","EQ","541.90","546.40","534.65","542.10","540.50","540.85","542.04","549.00","401.25",24262125,"13,151,082,595.40",253745
"02-Aug-2022","EQ","531.90","544.90","531.10","533.75","540.00","542.10","541.38","549.00","401.25",16845027,"9,119,556,236.75",230932
"01-Aug-2022","EQ","529.05","535.00","526.40","528.35","533.35","533.75","532.31","549.00","401.25",8295631,"4,415,816,994.75",124805
"29-Jul-2022","EQ","535.05","537.00","526.75","532.45","527.65","528.35","529.82","549.00","401.25",11921058,"6,315,998,165.40",144306
"28-Jul-2022","EQ","533.20","537.50","529.55","528.20","532.15","532.45","532.51","549.00","401.25",12160734,"6,475,654,215.20",215225
"27-Jul-2022","EQ","515.30","529.95","512.25","514.20","528.35","528.20","522.16","549.00","401.25",15101546,"7,885,450,134.35",333000
"26-Jul-2022","EQ","517.70","520.80","513.10","517.80","513.70","514.20","516.44","549.00","401.25",8862656,"4,577,000,715.15",168343
"25-Jul-2022","EQ","513.40","519.00","509.15","513.70","516.25","517.80","514.40","549.00","401.25",10229778,"5,262,242,658.25",153553
"22-Jul-2022","EQ","513.45","520.20","511.20","512.05","511.90","513.70","516.23","549.00","401.25",14699129,"7,588,186,570.15",244781
"21-Jul-2022","EQ","509.80","513.40","506.75","508.60","511.10","512.05","511.48","549.00","401.25",13814893,"7,066,028,812.70",196106
"20-Jul-2022","EQ","501.00","510.60","500.40","497.95","507.40","508.60","507.48","549.00","401.25",19280117,"9,784,217,298.85",254529
"19-Jul-2022","EQ","488.00","498.55","488.00","490.30","497.90","497.95","494.57","549.00","401.25",11724183,"5,798,451,759.05",130777
"18-Jul-2022","EQ","484.55","491.50","482.10","479.10","489.60","490.30","487.33","549.00","401.25",9934786,"4,841,501,119.40",178323
"15-Jul-2022","EQ","482.55","484.40","474.70","479.35","478.70","479.10","478.30","549.00","401.25",6945602,"3,322,054,772.00",120161
"14-Jul-2022","EQ","486.60","488.90","476.80","486.50","480.30","479.35","482.03","549.00","401.25",9385630,"4,524,120,598.85",151617
"13-Jul-2022","EQ","487.75","492.45","484.55","484.95","486.20","486.50","488.27","549.00","401.25",8208853,"4,008,106,035.85",129820
"12-Jul-2022","EQ","485.00","491.35","483.10","488.20","483.40","484.95","488.66","549.00","401.25",7364457,"3,598,704,148.85",108367
"11-Jul-2022","EQ","485.00","491.30","485.00","488.55","488.05","488.20","488.75","549.00","401.25",7704792,"3,765,716,046.15",94857
"08-Jul-2022","EQ","489.00","489.90","485.15","486.75","488.45","488.55","487.44","549.00","401.25",9057231,"4,414,856,472.40",162363
"07-Jul-2022","EQ","484.00","488.25","481.60","479.95","486.90","486.75","485.27","549.00","401.25",11497832,"5,579,593,687.80",173806
"06-Jul-2022","EQ","475.15","481.00","473.90","472.15","480.55","479.95","478.18","549.00","401.25",12059857,"5,766,832,535.75",179395
"05-Jul-2022","EQ","475.15","480.00","471.00","473.45","472.55","472.15","475.99","549.00","401.25",12003244,"5,713,384,767.95",143727
"04-Jul-2022","EQ","466.85","474.15","466.85","466.85","473.95","473.45","470.57","549.00","401.25",9186358,"4,322,793,774.10",115285
"01-Jul-2022","EQ","463.35","468.80","460.55","465.90","468.50","466.85","465.07","549.00","401.25",9405495,"4,374,195,289.05",116790
"30-Jun-2022","EQ","459.00","469.30","458.60","459.10","465.60","465.90","465.57","549.00","401.25",16926328,"7,880,439,985.75",186175
"29-Jun-2022","EQ","460.00","462.70","458.00","464.25","458.95","459.10","460.55","549.00","401.25",11800876,"5,434,914,241.85",107588
"28-Jun-2022","EQ","458.90","465.75","458.00","461.20","464.75","464.25","462.78","549.00","401.25",13261290,"6,137,031,012.35",168906
"27-Jun-2022","EQ","459.95","464.85","458.05","454.25","461.55","461.20","461.18","549.00","401.25",9509175,"4,385,421,054.00",103487
"24-Jun-2022","EQ","455.80","460.35","453.20","451.40","454.55","454.25","455.97","549.00","400.50",10833364,"4,939,643,608.55",127154
"23-Jun-2022","EQ","449.00","456.45","446.00","447.65","451.25","451.40","451.63","549.00","400.50",12229833,"5,523,391,671.25",157832
"22-Jun-2022","EQ","448.75","451.20","444.65","450.75","447.05","447.65","447.71","549.00","400.50",11066447,"4,954,585,919.80",111722
"21-Jun-2022","EQ","439.50","454.95","437.60","434.70","451.00","450.75","447.76","549.00","400.50",13801891,"6,179,936,791.15",178846
"20-Jun-2022","EQ","441.50","443.45","430.70","441.00","434.65","434.70","436.85","549.00","400.50",12368534,"5,403,153,186.35",172757
"17-Jun-2022","EQ","440.00","447.55","437.25","441.60","442.50","441.00","443.05","549.00","400.50",14326050,"6,347,137,199.65",167655
"16-Jun-2022","EQ","455.15","457.75","440.15","451.35","441.15","441.60","448.44","549.00","400.50",10780703,"4,834,445,595.35",139788
"15-Jun-2022","EQ","448.95","455.45","448.60","448.10","450.25","451.35","452.60","549.00","400.50",9920926,"4,490,231,934.55",119413
"14-Jun-2022","EQ","445.00","449.25","443.35","445.85","448.00","448.10","446.47","549.00","400.50",11351101,"5,067,902,738.85",136687
"13-Jun-2022","EQ","454.00","454.05","442.10","461.85","446.10","445.85","446.07","549.00","400.50",13426836,"5,989,284,598.40",203861
"10-Jun-2022","EQ","462.00","464.15","458.60","466.95","462.10","461.85","461.60","549.00","400.50",8621104,"3,979,479,308.50",127828
"09-Jun-2022","EQ","468.95","470.90","462.45","471.30","467.20","466.95","465.94","549.00","400.50",12635601,"5,887,439,316.60",158259
"08-Jun-2022","EQ","466.60","475.55","463.20","463.40","471.00","471.30","470.58","549.00","400.50",17168871,"8,079,264,816.60",192002
"07-Jun-2022","EQ","461.85","465.95","460.50","463.70","463.95","463.40","462.95","549.00","400.50",7672515,"3,551,990,864.45",108268
"06-Jun-2022","EQ","464.20","465.60","456.50","464.50","463.60","463.70","461.88","549.00","400.50",10661432,"4,924,334,007.85",137662
"03-Jun-2022","EQ","473.25","475.50","463.50","469.85","465.00","464.50","470.15","549.00","400.50",11306291,"5,315,646,218.95",114757
"02-Jun-2022","EQ","466.90","472.35","466.15","468.30","470.00","469.85","469.68","549.00","400.50",9370989,"4,401,383,675.10",114087
"01-Jun-2022","EQ","468.00","472.00","464.70","468.10","469.25","468.30","468.69","549.00","400.50",9424008,"4,416,955,450.55",119346
"09-Jun-2021","EQ","427.50","432.30","418.20","427.20","421.95","421.45","426.58","441.95","169.25",27784834,"11,852,490,465.30",241080
"08-Jun-2021","EQ","432.25","432.50","424.00","432.25","427.40","427.20","427.47","441.95","169.25",31113823,"13,300,300,385.20",247824
"07-Jun-2021","EQ","435.10","437.40","430.80","433.60","431.30","432.25","434.78","441.95","169.25",20201197,"8,783,035,451.00",174837
"04-Jun-2021","EQ","437.50","441.90","431.75","439.65","434.30","433.60","436.25","441.95","163.35",36898769,"16,097,084,118.25",331404
"03-Jun-2021","EQ","437.00","441.95","433.50","437.25","439.05","439.65","437.30","441.95","163.35",38909199,"17,015,052,405.35",281959
"02-Jun-2021","EQ","430.80","437.95","429.15","432.55","437.20","437.25","434.97","437.95","163.35",38657806,"16,814,912,362.00",307884
"01-Jun-2021","EQ","426.05","435.35","425.60","424.35","432.55","432.55","430.82","435.35","163.35",59299647,"25,547,200,109.15",442654
"31-May-2021","EQ","421.00","426.00","418.00","422.05","424.50","424.35","422.90","433.65","163.35",38291043,"16,193,457,741.00",275082
"28-May-2021","EQ","430.50","433.65","420.05","425.20","422.00","422.05","426.46","433.65","150.20",65137568,"27,778,684,365.60",423239
"27-May-2021","EQ","413.70","429.10","412.00","413.55","426.80","425.20","419.80","429.10","150.20",73392997,"30,810,699,445.45",442431
"26-May-2021","EQ","413.80","418.75","410.80","412.35","412.00","413.55","415.44","427.70","150.20",52357719,"21,751,281,756.70",339506
"25-May-2021","EQ","415.10","415.50","408.50","412.05","414.10","412.35","411.05","427.70","150.20",56048127,"23,038,372,268.75",348160
"24-May-2021","EQ","417.00","419.20","405.30","401.20","411.00","412.05","411.75","427.70","150.20",142964052,"58,865,553,601.70",846514
"21-May-2021","EQ","390.00","404.40","378.00","384.55","404.00","401.20","393.52","427.70","149.45",192810772,"75,874,786,468.40",1121959
"20-May-2021","EQ","387.00","387.80","382.00","384.40","386.80","384.55","384.42","427.70","149.45",42898608,"16,491,290,794.00",331759
"19-May-2021","EQ","382.00","389.50","381.20","382.25","384.40","384.40","385.63","427.70","149.45",48189573,"18,583,464,470.15",346200
"18-May-2021","EQ","390.00","392.55","380.05","383.10","382.95","382.25","385.07","427.70","149.45",70917710,"27,308,236,301.95",483711
"17-May-2021","EQ","364.40","385.20","363.65","360.45","384.45","383.10","376.90","427.70","149.45",106555796,"40,161,188,120.65",654529
"14-May-2021","EQ","370.00","372.50","359.55","367.70","360.60","360.45","365.59","427.70","149.45",51722170,"18,909,331,521.30",358985
"12-May-2021","EQ","362.80","373.50","361.90","364.65","367.75","367.70","368.18","427.70","149.45",53436590,"19,674,521,565.30",320184
"11-May-2021","EQ","356.85","366.40","354.75","361.70","364.10","364.65","362.80","427.70","149.45",41892770,"15,198,570,076.45",229841
"10-May-2021","EQ","360.50","367.00","358.80","358.25","362.30","361.70","362.87","427.70","149.45",41739324,"15,146,084,237.05",260322
"07-May-2021","EQ","357.50","362.00","353.00","355.55","358.00","358.25","357.21","427.70","149.45",38357618,"13,701,812,427.15",224225
"06-May-2021","EQ","358.00","359.35","350.55","355.40","355.85","355.55","354.51","427.70","149.45",36294427,"12,866,726,597.10",217872
"05-May-2021","EQ","356.50","357.45","348.00","351.50","356.45","355.40","354.45","427.70","149.45",40872501,"14,487,350,216.50",244000
"04-May-2021","EQ","355.00","362.90","350.20","350.60","351.10","351.50","357.53","427.70","149.45",57749307,"20,647,019,838.00",342742
"03-May-2021","EQ","349.60","352.50","341.40","353.50","351.45","350.60","347.45","427.70","149.45",43691860,"15,180,552,160.80",313847
"30-Apr-2021","EQ","353.45","362.50","350.45","359.40","352.30","353.50","357.11","427.70","149.45",53832840,"19,224,079,313.30",296959
"29-Apr-2021","EQ","365.00","369.95","355.50","363.40","357.45","359.40","361.26","427.70","149.45",63692926,"23,009,457,094.75",348461
"28-Apr-2021","EQ","357.00","364.30","356.05","353.05","362.90","363.40","361.63","427.70","149.45",56696255,"20,503,130,461.70",337002
"27-Apr-2021","EQ","344.00","354.95","342.40","344.30","354.20","353.05","349.42","427.70","149.45",46003023,"16,074,590,033.80",293357
"26-Apr-2021","EQ","339.25","347.45","339.25","336.45","344.80","344.30","345.26","427.70","149.45",49234985,"16,998,735,563.00",306217
"23-Apr-2021","EQ","331.65","339.90","331.65","336.65","335.40","336.45","336.47","427.70","149.45",44223940,"14,879,885,720.10",272666
"22-Apr-2021","EQ","326.00","337.65","323.30","329.50","336.25","336.65","332.72","427.70","149.45",49105833,"16,338,311,319.50",279445
"20-Apr-2021","EQ","335.10","339.90","326.70","331.15","329.40","329.50","333.65","427.70","149.45",41296147,"13,778,454,560.40",248595
"19-Apr-2021","EQ","327.15","332.05","321.30","339.90","330.45","331.15","326.36","427.70","149.45",53304377,"17,396,345,606.00",396759
"16-Apr-2021","EQ","343.00","345.50","338.65","342.70","339.55","339.90","342.01","427.70","149.45",37766793,"12,916,560,525.30",237384
"15-Apr-2021","EQ","342.10","347.55","336.10","341.00","342.55","342.70","341.70","427.70","149.45",52992349,"18,107,434,663.30",325566
"13-Apr-2021","EQ","332.00","342.25","330.50","328.85","341.25","341.00","336.40","427.70","149.45",49773360,"16,743,865,802.60",319183
"12-Apr-2021","EQ","344.00","344.00","322.55","353.00","330.70","328.85","329.89","427.70","149.45",75501713,"24,907,319,137.55",579319
"09-Apr-2021","EQ","354.40","364.50","351.20","355.60","352.95","353.00","357.30","427.70","149.45",46473100,"16,604,696,682.20",303846
"08-Apr-2021","EQ","361.00","363.30","354.30","358.55","355.95","355.60","358.65","427.70","149.45",33370259,"11,968,110,091.25",221845
"07-Apr-2021","EQ","351.25","363.20","347.60","350.55","358.20","358.55","358.22","427.70","149.45",48023602,"17,203,160,038.90",323113
"06-Apr-2021","EQ","355.70","357.00","349.30","353.55","350.95","350.55","353.10","427.70","149.45",44147709,"15,588,499,051.85",273760
"05-Apr-2021","EQ","367.50","369.20","349.05","370.65","354.00","353.55","355.21","427.70","149.45",51743981,"18,379,797,141.10",382160
"01-Apr-2021","EQ","367.70","371.90","363.10","364.30","370.95","370.65","367.07","427.70","149.45",31883453,"11,703,603,342.10",201211
"31-Mar-2021","EQ","360.30","367.85","357.95","360.80","364.50","364.30","363.98","427.70","149.45",38651025,"14,068,275,303.30",298129
"30-Mar-2021","EQ","360.10","364.30","356.30","357.20","360.50","360.80","360.57","427.70","149.45",39407496,"14,209,235,599.60",340842
"26-Mar-2021","EQ","360.00","362.00","354.55","355.20","358.50","357.20","358.14","427.70","149.45",40718848,"14,583,200,892.30",407233
"25-Mar-2021","EQ","360.00","360.85","345.20","359.85","356.30","355.20","353.03","427.70","149.45",57495003,"20,297,200,346.20",438853
"24-Mar-2021","EQ","368.50","369.05","358.65","372.70","360.10","359.85","363.63","427.70","149.45",42318999,"15,388,574,651.55",385721
"23-Mar-2021","EQ","368.70","377.95","367.05","367.00","372.30","372.70","372.08","427.70","149.45",41032380,"15,267,204,770.70",304725
"22-Mar-2021","EQ","372.00","372.80","363.50","371.15","367.60","367.00","367.73","427.70","149.45",28461974,"10,466,193,186.85",242100
"19-Mar-2021","EQ","363.95","372.90","357.25","367.10","372.40","371.15","366.26","427.70","149.45",60309145,"22,088,637,777.60",400389
"18-Mar-2021","EQ","371.50","375.00","361.10","368.15","368.20","367.10","368.98","427.70","149.45",39405038,"14,539,539,833.05",285769
"17-Mar-2021","EQ","378.20","379.65","366.05","378.55","366.90","368.15","373.37","427.70","149.45",33143064,"12,374,760,126.65",298083
"16-Mar-2021","EQ","385.60","387.85","376.10","383.90","378.90","378.55","380.21","427.70","149.45",38196452,"14,522,681,456.30",300656
"15-Mar-2021","EQ","382.50","386.00","369.35","381.10","385.60","383.90","375.54","427.70","149.45",42722976,"16,044,328,007.40",414882
"12-Mar-2021","EQ","391.70","393.20","377.50","387.70","381.10","381.10","385.33","427.70","149.45",35336355,"13,616,221,812.00",296998
"10-Mar-2021","EQ","391.10","393.00","385.70","387.60","388.20","387.70","388.21","427.70","149.45",22677399,"8,803,497,252.15",187380
"09-Mar-2021","EQ","393.45","394.90","382.25","389.60","387.90","387.60","389.13","427.70","149.45",28054083,"10,916,775,125.45",220873
"08-Mar-2021","EQ","388.45","393.40","386.05","383.65","390.10","389.60","389.52","427.70","149.45",39147858,"15,248,977,633.60",297783
"05-Mar-2021","EQ","395.00","395.00","378.10","395.65","385.35","383.65","384.66","427.70","149.45",72179228,"27,764,314,247.65",599426
"04-Mar-2021","EQ","398.70","403.50","394.45","405.05","396.80","395.65","399.48","427.70","149.45",43603653,"17,418,974,266.05",285942
"03-Mar-2021","EQ","396.50","408.90","396.00","394.20","404.70","405.05","404.09","427.70","149.45",46268223,"18,696,486,626.10",326940
"02-Mar-2021","EQ","395.00","399.55","390.55","394.95","394.80","394.20","394.42","427.70","149.45",30534337,"12,043,348,694.15",249193
"01-Mar-2021","EQ","395.10","397.70","391.00","390.15","395.20","394.95","394.72","427.70","149.45",29677890,"11,714,476,577.25",245987
"26-Feb-2021","EQ","399.50","401.00","387.00","407.25","391.25","390.15","393.88","427.70","149.45",64450414,"25,385,862,094.55",536209
"25-Feb-2021","EQ","411.00","414.90","406.55","406.25","407.40","407.25","410.68","427.70","149.45",46988836,"19,297,289,930.90",355281
"24-Feb-2021","EQ","397.00","410.50","395.20","395.60","407.70","406.25","404.08","427.70","149.45",39632090,"16,014,688,399.65",340087
"23-Feb-2021","EQ","392.00","399.70","389.00","389.50","395.60","395.60","395.45","427.70","149.45",45462768,"17,978,202,667.40",342766
"22-Feb-2021","EQ","400.60","401.00","385.65","399.55","387.95","389.50","392.32","427.70","149.45",52535049,"20,610,338,694.55",443311
"19-Feb-2021","EQ","415.00","415.00","395.00","415.20","400.60","399.55","405.06","427.70","149.45",66155518,"26,797,082,795.65",479710
"18-Feb-2021","EQ","425.05","427.70","413.70","411.75","415.25","415.20","419.02","427.70","149.45",67154539,"28,138,820,418.00",583049
"17-Feb-2021","EQ","403.00","414.85","400.15","402.35","413.40","411.75","410.54","415.75","149.45",74161370,"30,446,129,688.40",499222
"16-Feb-2021","EQ","412.00","415.75","400.30","406.95","402.90","402.35","407.39","415.75","149.45",80365431,"32,739,856,842.50",574557
"15-Feb-2021","EQ","397.50","409.45","395.70","393.15","409.00","406.95","403.08","409.45","149.45",56608937,"22,817,866,647.70",439746
"12-Feb-2021","EQ","391.00","399.35","385.55","390.15","392.95","393.15","392.34","408.35","149.45",53589755,"21,025,151,735.35",406441
"11-Feb-2021","EQ","391.80","396.95","388.25","392.25","390.90","390.15","391.61","408.35","149.45",36392708,"14,251,581,159.75",263431
"10-Feb-2021","EQ","394.05","397.90","388.00","394.80","393.15","392.25","392.67","408.35","149.45",54163507,"21,268,236,419.55",395057
"09-Feb-2021","EQ","396.75","403.50","389.00","397.05","393.60","394.80","396.65","408.35","149.45",63869990,"25,334,226,190.80",473516
"08-Feb-2021","EQ","398.00","407.80","394.75","393.10","395.85","397.05","400.46","408.35","149.45",79389205,"31,791,940,012.35",577218
"05-Feb-2021","EQ","387.00","408.35","385.15","355.10","395.00","393.10","397.71","408.35","149.45",214955688,"85,490,825,741.15",1155236
"04-Feb-2021","EQ","334.40","358.00","331.10","335.95","357.95","355.10","343.11","358.00","149.45",145203439,"49,821,324,982.70",799597
"03-Feb-2021","EQ","333.75","339.90","325.80","333.10","335.75","335.95","334.10","339.90","149.45",66420168,"22,190,882,737.05",464739
"02-Feb-2021","EQ","315.00","337.40","315.00","310.70","331.40","333.10","325.89","337.40","149.45",121434166,"39,573,855,924.20",696797
"01-Feb-2021","EQ","285.10","313.90","282.75","282.10","313.00","310.70","300.59","331.90","149.45",103414068,"31,085,667,892.60",571788
"29-Jan-2021","EQ","285.60","290.65","279.10","282.35","281.75","282.10","283.48","331.90","149.45",42300984,"11,991,282,593.15",257824
"28-Jan-2021","EQ","271.90","283.35","269.50","275.65","282.90","282.35","277.04","331.90","149.45",48717297,"13,496,676,252.60",280797
"27-Jan-2021","EQ","280.20","284.85","272.70","280.95","275.00","275.65","278.67","331.90","149.45",39211107,"10,926,769,347.95",275743
"25-Jan-2021","EQ","284.50","288.00","277.05","283.70","281.00","280.95","283.38","331.90","149.45",34034630,"9,644,829,100.75",246225
"22-Jan-2021","EQ","295.50","298.00","282.40","294.85","284.40","283.70","289.30","331.90","149.45",44440810,"12,856,679,880.75",287829
"21-Jan-2021","EQ","304.00","305.15","291.50","302.55","296.80","294.85","300.20","331.90","149.45",29995203,"9,004,513,072.45",214429
"20-Jan-2021","EQ","298.80","304.70","296.85","298.60","302.20","302.55","301.07","331.90","149.45",33759304,"10,163,981,891.75",215324
"19-Jan-2021","EQ","297.65","302.50","296.40","294.45","298.40","298.60","299.11","331.90","149.45",35803901,"10,709,241,852.55",226098
"18-Jan-2021","EQ","303.50","308.65","292.20","303.85","292.45","294.45","299.23","331.90","149.45",54969750,"16,448,326,413.65",332808
"15-Jan-2021","EQ","306.80","310.90","301.30","307.25","303.95","303.85","306.20","335.45","149.45",35307601,"10,811,333,841.95",277615
"14-Jan-2021","EQ","306.70","309.25","303.80","306.80","307.70","307.25","307.16","335.45","149.45",40123498,"12,324,150,077.50",244731
"13-Jan-2021","EQ","296.00","308.00","294.50","292.50","305.95","306.80","301.17","335.45","149.45",78042133,"23,503,978,223.25",413038
"12-Jan-2021","EQ","280.00","293.85","277.90","282.50","293.20","292.50","286.89","335.45","149.45",44307145,"12,711,419,183.25",275857
"11-Jan-2021","EQ","288.00","288.20","279.60","286.00","282.80","282.50","282.50","335.45","149.45",29703173,"8,391,026,797.05",209864
"08-Jan-2021","EQ","290.10","291.40","285.20","287.70","285.90","286.00","288.25","337.95","149.45",32543357,"9,380,501,388.85",169736
"07-Jan-2021","EQ","289.00","291.80","287.00","285.05","288.00","287.70","289.15","337.95","149.45",30546600,"8,832,501,855.10",183684
"06-Jan-2021","EQ","283.00","289.15","281.40","281.75","283.90","285.05","285.76","337.95","149.45",40765708,"11,649,073,628.10",224327
"05-Jan-2021","EQ","278.05","282.45","277.00","281.05","281.40","281.75","279.69","337.95","149.45",27393072,"7,661,574,303.75",155149
"04-Jan-2021","EQ","281.85","283.90","277.75","279.40","281.10","281.05","281.41","337.95","149.45",31450608,"8,850,464,058.45",171760
"01-Jan-2021","EQ","274.90","280.00","274.40","274.95","279.05","279.40","278.33","339.85","149.45",24531791,"6,827,968,257.80",141601
"31-Dec-2020","EQ","275.00","277.25","272.60","276.90","274.40","274.95","275.29","339.85","149.45",29467966,"8,112,160,541.95",183603
"30-Dec-2020","EQ","278.00","278.70","272.50","277.90","275.50","276.90","275.47","339.85","149.45",30971894,"8,531,681,482.45",163939
"29-Dec-2020","EQ","276.30","279.90","274.70","275.20","277.75","277.90","277.56","339.85","149.45",45032526,"12,499,251,233.65",237470
"28-Dec-2020","EQ","268.75","276.00","268.00","266.85","275.75","275.20","272.23","339.85","149.45",36870242,"10,037,366,708.40",203967
"24-Dec-2020","EQ","265.00","268.85","264.65","263.00","266.85","266.85","267.02","339.85","149.45",28585509,"7,632,821,262.60",167695
"23-Dec-2020","EQ","256.95","263.90","255.60","257.45","263.00","263.00","261.14","339.85","149.45",29056404,"7,587,914,568.90",171296
"22-Dec-2020","EQ","254.80","258.70","248.25","254.70","257.15","257.45","254.20","339.85","149.45",51189571,"13,012,282,126.80",288750
"21-Dec-2020","EQ","268.45","269.00","251.05","271.45","254.10","254.70","260.31","339.85","149.45",55160758,"14,358,884,778.05",311254
"18-Dec-2020","EQ","267.70","271.95","265.00","267.70","271.35","271.45","268.30","339.85","149.45",29816205,"7,999,717,685.90",159604
"17-Dec-2020","EQ","270.00","272.15","266.70","269.40","267.35","267.70","269.19","339.85","149.45",25904699,"6,973,309,847.65",146174
"16-Dec-2020","EQ","272.80","273.65","268.50","270.65","269.35","269.40","270.58","339.85","149.45",24844177,"6,722,276,269.80",150489
"15-Dec-2020","EQ","274.05","274.05","268.15","274.20","270.55","270.65","270.40","339.85","149.45",34890948,"9,434,599,246.05",207937
"14-Dec-2020","EQ","274.00","276.15","272.35","272.45","274.25","274.20","274.69","339.85","149.45",31946501,"8,775,317,446.60",200577
"11-Dec-2020","EQ","270.05","276.25","270.05","269.55","272.50","272.45","273.03","339.85","149.45",50255223,"13,720,952,520.25",219426
"10-Dec-2020","EQ","269.00","271.00","265.55","270.35","270.00","269.55","267.91","339.85","149.45",38676657,"10,362,014,086.65",191259
"09-Dec-2020","EQ","272.10","274.90","269.20","271.90","270.25","270.35","271.89","339.85","149.45",48495641,"13,185,424,469.75",224768
"08-Dec-2020","EQ","270.95","273.70","265.25","269.60","270.75","271.90","269.92","339.85","149.45",65617502,"17,711,550,023.25",288470
"07-Dec-2020","EQ","263.80","271.45","263.00","263.50","269.50","269.60","267.33","339.85","149.45",76053084,"20,331,616,535.05",298030
"04-Dec-2020","EQ","257.00","264.35","253.55","256.30","264.05","263.50","259.18","344.60","149.45",79252024,"20,540,875,199.50",332166
"03-Dec-2020","EQ","249.30","259.00","248.00","246.95","256.40","256.30","255.15","344.60","149.45",79266442,"20,224,723,033.40",361390
"02-Dec-2020","EQ","248.35","250.85","244.10","248.05","246.55","246.95","247.75","344.60","149.45",56723083,"14,052,937,533.80",221604
"01-Dec-2020","EQ","245.00","248.95","244.25","244.25","247.65","248.05","246.58","344.60","149.45",37003272,"9,124,277,406.45",186048